Column,Revenue,Expenses,Profit,Employees,Growth,Inception
Revenue,1,-0.02901658084535501,0.8365317804542951,-0.04371960040186531,0.4599034002500627,-0.08768566130282208
Expenses,-0.029016580845355005,1,-0.5719609868345236,0.07496722825536513,-0.24806257977928767,0.0156592898886569
Profit,0.8365317804542952,-0.5719609868345236,1.0000000000000002,-0.07697068409482839,0.5133841638564456,-0.08054079291624912
Employees,-0.043719600401865316,0.07496722825536513,-0.07697068409482839,1,-0.09672937652486774,0.01234979295801318
Growth,0.4599034002500627,-0.24806257977928764,0.5133841638564456,-0.09672937652486775,1,-0.05096591876621674
Inception,-0.0876856613028221,0.0156592898886569,-0.08054079291624912,0.01234979295801318,-0.05096591876621674,1.0000000000000002