Column,Revenue,Expenses,Profit,Employees,Growth,Inception
Revenue,0.9999999999999999,-0.029016580845355085,0.8365317804542939,-0.0437196004018653,0.45990340025006254,NaN
Expenses,-0.029016580845355088,1.0000000000000002,-0.5719609868345232,0.0749672282553652,-0.2480625797792877,NaN
Profit,0.8365317804542938,-0.5719609868345232,1.0000000000000002,-0.0769706840948283,0.5133841638564444,NaN
Employees,-0.0437196004018653,0.0749672282553652,-0.07697068409482831,0.9999999999999998,-0.09672937652486761,NaN
Growth,0.45990340025006254,-0.2480625797792877,0.5133841638564444,-0.09672937652486761,0.9999999999999999,NaN
Inception,NaN,NaN,NaN,NaN,NaN,NaN