Column,Revenue,Expenses,Inception,Profit,Employees,Growth
Revenue,1,-0.03007980920776199,-0.10251097880339187,0.8357458584446452,-0.03826363577747767,0.4583792176878776
Expenses,-0.03007980920776199,1.0000000000000002,0.02167659338895514,-0.5740070366938854,0.07624967661646029,-0.2485922753496169
Inception,-0.10251097880339187,0.02167659338895514,1.0000000000000002,-0.09588751529543946,0.010994926736841172,-0.06051466609315392
Profit,0.8357458584446452,-0.5740070366938854,-0.09588751529543946,1,-0.07323528176880119,0.5120818113009171
Employees,-0.03826363577747767,0.07624967661646029,0.010994926736841172,-0.07323528176880119,1.0000000000000002,-0.09429063940616025
Growth,0.4583792176878776,-0.2485922753496169,-0.06051466609315392,0.5120818113009171,-0.09429063940616025,1.0000000000000002