Column,Revenue,Expenses,Profit,Employees,Growth
Revenue,1.0000000000000002,-0.029016580845355057,0.8365317804542949,-0.04371960040186537,0.459903400250063
Expenses,-0.029016580845355057,1,-0.5719609868345235,0.07496722825536516,-0.24806257977928764
Profit,0.8365317804542949,-0.5719609868345235,1,-0.07697068409482848,0.5133841638564455
Employees,-0.04371960040186537,0.07496722825536516,-0.07697068409482848,1,-0.09672937652486771
Growth,0.459903400250063,-0.24806257977928764,0.5133841638564455,-0.09672937652486771,1