Column,Revenue,Expenses,Inception,Profit,Employees,Growth
Revenue,1.0000000000000002,-0.03007980920776189,-0.10251097880339217,0.8357458584446458,-0.038263635777477656,0.4583792176878786
Expenses,-0.03007980920776189,1,0.021676593388955202,-0.5740070366938861,0.07624967661646023,-0.24859227534961695
Inception,-0.10251097880339216,0.021676593388955202,0.9999999999999999,-0.09588751529543962,0.010994926736841193,-0.060514666093154056
Profit,0.8357458584446459,-0.5740070366938861,-0.09588751529543962,1.0000000000000002,-0.07323528176880119,0.5120818113009173
Employees,-0.038263635777477656,0.07624967661646025,0.010994926736841193,-0.07323528176880119,1,-0.0942906394061604
Growth,0.4583792176878786,-0.24859227534961695,-0.06051466609315405,0.5120818113009173,-0.0942906394061604,1