Column,Revenue,Expenses,Inception,Profit,Employees,Growth
Revenue,1.0000000000000002,-0.03007980920776193,-0.10251097880339195,0.8357458584446459,-0.03826363577747764,0.4583792176878778
Expenses,-0.030079809207761928,1.0000000000000002,0.021676593388955164,-0.5740070366938858,0.07624967661646033,-0.24859227534961714
Inception,-0.10251097880339194,0.02167659338895516,1,-0.09588751529543961,0.010994926736841179,-0.06051466609315409
Profit,0.8357458584446459,-0.5740070366938856,-0.09588751529543961,1,-0.07323528176880124,0.5120818113009176
Employees,-0.03826363577747765,0.07624967661646032,0.010994926736841179,-0.07323528176880124,1,-0.09429063940616038
Growth,0.4583792176878778,-0.24859227534961711,-0.06051466609315409,0.5120818113009176,-0.09429063940616038,1